parcode,trial,rt,choice,item_left,item_right
0,0,3530,-1,0,0
0,1,1100,-1,0,0
0,2,2370,-1,0,0
0,3,430,1,0,0
0,4,1960,-1,0,0
0,5,1320,-1,0,0
0,6,1760,-1,0,0
0,7,5420,1,0,0
0,8,7750,1,0,0
0,9,1760,1,0,0
0,10,960,-1,0,0
0,11,1450,-1,0,0
0,12,840,1,0,0
0,13,3880,-1,0,0
0,14,940,-1,0,0
0,15,2200,1,0,0
0,16,2380,1,0,0
0,17,3700,1,0,0
0,18,5880,-1,0,0
0,19,2210,1,0,0
0,20,1540,-1,0,0
0,21,3290,1,0,0
0,22,1890,-1,0,0
0,23,8730,1,0,0
0,24,1570,-1,0,0
0,25,1940,1,0,0
0,26,6910,1,0,0
0,27,1580,-1,0,0
0,28,10210,-1,0,0
0,29,2350,-1,0,0
0,30,1280,-1,0,0
0,31,670,1,0,0
0,32,5840,-1,0,0
0,33,2230,1,0,0
0,34,1160,-1,0,0
0,35,2650,-1,0,0
0,36,4320,-1,0,0
0,37,2880,1,0,0
0,38,2920,1,0,0
0,39,780,-1,0,0
0,40,3660,-1,0,0
0,41,2040,1,0,0
0,42,1010,1,0,0
0,43,2460,-1,0,0
0,44,1820,1,0,0
0,45,760,-1,0,0
0,46,5310,-1,0,0
0,47,420,-1,0,0
0,48,3240,-1,0,0
0,49,1340,1,0,0
0,50,770,1,0,0
0,51,3080,-1,0,0
0,52,560,-1,0,0
0,53,2290,-1,0,0
0,54,3580,1,0,0
0,55,3910,1,0,0
0,56,1830,-1,0,0
0,57,1900,1,0,0
0,58,1310,-1,0,0
0,59,890,1,0,0
0,60,1320,1,0,0
0,61,2430,1,0,0
0,62,3530,1,0,0
0,63,3400,-1,0,0
0,64,530,1,0,0
0,65,1450,1,0,0
0,66,750,-1,0,0
0,67,4020,1,0,0
0,68,3240,1,0,0
0,69,2860,1,0,0
0,70,3690,-1,0,0
0,71,7450,-1,0,0
0,72,4680,-1,0,0
0,73,1310,-1,0,0
0,74,1560,-1,0,0
0,75,2800,1,0,0
0,76,460,1,0,0
0,77,1480,1,0,0
0,78,1040,1,0,0
0,79,3060,1,0,0
0,80,1070,-1,0,0
0,81,1590,1,0,0
0,82,1040,1,0,0
0,83,1300,-1,0,0
0,84,3920,-1,0,0
0,85,1100,-1,0,0
0,86,1250,1,0,0
0,87,1470,1,0,0
0,88,640,-1,0,0
0,89,3880,1,0,0
0,90,800,-1,0,0
0,91,1260,1,0,0
0,92,9300,-1,0,0
0,93,4090,-1,0,0
0,94,1460,1,0,0
0,95,1730,-1,0,0
0,96,900,1,0,0
0,97,470,-1,0,0
0,98,2510,-1,0,0
0,99,4130,-1,0,0
0,100,600,1,0,1
0,101,630,-1,0,1
0,102,1450,1,0,1
0,103,1770,-1,0,1
0,104,3570,1,0,1
0,105,910,1,0,1
0,106,6410,1,0,1
0,107,920,1,0,1
0,108,4100,-1,0,1
0,109,2870,1,0,1
0,110,890,-1,0,1
0,111,890,1,0,1
0,112,2890,-1,0,1
0,113,2710,1,0,1
0,114,2660,1,0,1
0,115,3010,1,0,1
0,116,3740,-1,0,1
0,117,1400,-1,0,1
0,118,500,-1,0,1
0,119,3350,1,0,1
0,120,3220,1,0,1
0,121,6710,1,0,1
0,122,7720,-1,0,1
0,123,3680,1,0,1
0,124,1840,1,0,1
0,125,700,-1,0,1
0,126,1140,1,0,1
0,127,1140,1,0,1
0,128,8960,1,0,1
0,129,1000,1,0,1
0,130,2260,1,0,1
0,131,1010,-1,0,1
0,132,930,1,0,1
0,133,1960,-1,0,1
0,134,1540,1,0,1
0,135,1130,-1,0,1
0,136,910,-1,0,1
0,137,3360,1,0,1
0,138,940,1,0,1
0,139,740,1,0,1
0,140,700,1,0,1
0,141,2340,1,0,1
0,142,2050,1,0,1
0,143,3440,1,0,1
0,144,3840,1,0,1
0,145,860,-1,0,1
0,146,1780,1,0,1
0,147,1070,1,0,1
0,148,690,1,0,1
0,149,1860,-1,0,1
0,150,830,1,0,1
0,151,1130,1,0,1
0,152,880,-1,0,1
0,153,3720,-1,0,1
0,154,2120,1,0,1
0,155,1760,1,0,1
0,156,4670,-1,0,1
0,157,3990,-1,0,1
0,158,1170,1,0,1
0,159,2400,1,0,1
0,160,860,1,0,1
0,161,13770,1,0,1
0,162,5310,1,0,1
0,163,5610,1,0,1
0,164,2310,1,0,1
0,165,1540,1,0,1
0,166,4170,-1,0,1
0,167,1800,1,0,1
0,168,1200,-1,0,1
0,169,5670,1,0,1
0,170,9180,1,0,1
0,171,1030,1,0,1
0,172,830,1,0,1
0,173,1120,-1,0,1
0,174,630,-1,0,1
0,175,900,1,0,1
0,176,980,-1,0,1
0,177,2290,1,0,1
0,178,2750,-1,0,1
0,179,2970,-1,0,1
0,180,3150,1,0,1
0,181,430,1,0,1
0,182,920,1,0,1
0,183,530,-1,0,1
0,184,2490,1,0,1
0,185,12910,1,0,1
0,186,2030,1,0,1
0,187,1090,-1,0,1
0,188,370,-1,0,1
0,189,2070,1,0,1
0,190,940,1,0,1
0,191,3000,1,0,1
0,192,2500,-1,0,1
0,193,1190,1,0,1
0,194,5450,-1,0,1
0,195,1280,1,0,1
0,196,800,1,0,1
0,197,2720,-1,0,1
0,198,2600,1,0,1
0,199,2490,1,0,1
0,200,1200,1,0,1
0,201,2780,1,0,1
0,202,1540,1,0,1
0,203,4010,1,0,1
0,204,4880,-1,0,1
0,205,2070,1,0,1
0,206,3480,1,0,1
0,207,1700,1,0,1
0,208,2960,-1,0,1
0,209,5150,-1,0,1
0,210,2610,-1,0,1
0,211,850,1,0,1
0,212,9400,1,0,1
0,213,2810,1,0,1
0,214,5940,1,0,1
0,215,6670,1,0,1
0,216,2730,-1,0,1
0,217,2740,-1,0,1
0,218,940,1,0,1
0,219,1840,1,0,1
0,220,2850,1,0,1
0,221,2870,1,0,1
0,222,4360,-1,0,1
0,223,1240,1,0,1
0,224,4120,-1,0,1
0,225,2290,1,0,1
0,226,1000,1,0,1
0,227,1590,1,0,1
0,228,3430,1,0,1
0,229,3650,-1,0,1
0,230,2250,1,0,1
0,231,7260,1,0,1
0,232,2900,1,0,1
0,233,1730,1,0,1
0,234,1500,-1,0,1
0,235,880,1,0,1
0,236,610,1,0,1
0,237,1950,1,0,1
0,238,1160,-1,0,1
0,239,4950,1,0,1
0,240,4590,1,0,1
0,241,2610,-1,0,1
0,242,2450,-1,0,1
0,243,5090,-1,0,1
0,244,1220,1,0,1
0,245,4860,1,0,1
0,246,5990,1,0,1
0,247,1860,-1,0,1
0,248,1550,-1,0,1
0,249,1390,1,0,1
0,250,560,1,0,1
0,251,9720,1,0,1
0,252,4550,-1,0,1
0,253,1740,1,0,1
0,254,4370,1,0,1
0,255,2400,1,0,1
0,256,940,1,0,1
0,257,5210,1,0,1
0,258,3340,1,0,1
0,259,730,1,0,1
0,260,1090,-1,0,1
0,261,840,1,0,1
0,262,1420,-1,0,1
0,263,2820,1,0,1
0,264,4580,-1,0,1
0,265,4790,1,0,1
0,266,1790,1,0,1
0,267,1250,1,0,1
0,268,7770,1,0,1
0,269,1830,1,0,1
0,270,3310,-1,0,1
0,271,2500,1,0,1
0,272,450,-1,0,1
0,273,9450,1,0,1
0,274,2820,-1,0,1
0,275,1900,-1,0,1
0,276,3100,1,0,1
0,277,3020,1,0,1
0,278,6320,-1,0,1
0,279,640,1,0,1
0,280,1310,1,0,1
0,281,4030,1,0,1
0,282,710,1,0,1
0,283,4170,1,0,1
0,284,1400,1,0,1
0,285,710,1,0,1
0,286,3000,1,0,1
0,287,1300,-1,0,1
0,288,4500,1,0,1
0,289,1580,-1,0,1
0,290,2430,1,0,1
0,291,3050,1,0,1
0,292,1120,1,0,1
0,293,720,1,0,1
0,294,3380,1,0,1
0,295,3820,1,0,1
0,296,1260,1,0,1
0,297,9140,1,0,1
0,298,970,1,0,1
0,299,2920,-1,0,1
0,300,2900,-1,0,2
0,301,2450,1,0,2
0,302,3330,1,0,2
0,303,3080,1,0,2
0,304,1630,1,0,2
0,305,1140,1,0,2
0,306,2810,1,0,2
0,307,390,1,0,2
0,308,830,1,0,2
0,309,2840,1,0,2
0,310,1400,1,0,2
0,311,2150,1,0,2
0,312,1280,1,0,2
0,313,970,1,0,2
0,314,3050,1,0,2
0,315,1420,1,0,2
0,316,1630,-1,0,2
0,317,2490,1,0,2
0,318,1020,-1,0,2
0,319,3270,-1,0,2
0,320,2160,1,0,2
0,321,2060,1,0,2
0,322,1150,1,0,2
0,323,2920,1,0,2
0,324,2900,1,0,2
0,325,1940,1,0,2
0,326,1870,1,0,2
0,327,1170,1,0,2
0,328,440,1,0,2
0,329,6540,1,0,2
0,330,1180,1,0,2
0,331,340,1,0,2
0,332,2640,1,0,2
0,333,730,1,0,2
0,334,580,1,0,2
0,335,330,-1,0,2
0,336,1630,1,0,2
0,337,1610,1,0,2
0,338,800,1,0,2
0,339,1160,1,0,2
0,340,5320,-1,0,2
0,341,940,1,0,2
0,342,580,-1,0,2
0,343,2070,1,0,2
0,344,3680,1,0,2
0,345,8270,1,0,2
0,346,1340,1,0,2
0,347,940,1,0,2
0,348,890,1,0,2
0,349,1150,1,0,2
0,350,2680,1,0,2
0,351,3750,-1,0,2
0,352,3610,1,0,2
0,353,2110,1,0,2
0,354,2160,1,0,2
0,355,4050,1,0,2
0,356,540,1,0,2
0,357,5440,1,0,2
0,358,1310,-1,0,2
0,359,5530,1,0,2
0,360,1980,1,0,2
0,361,3040,1,0,2
0,362,4970,1,0,2
0,363,3190,1,0,2
0,364,770,1,0,2
0,365,1230,1,0,2
0,366,4910,1,0,2
0,367,3490,1,0,2
0,368,7530,1,0,2
0,369,5110,1,0,2
0,370,2430,1,0,2
0,371,1680,1,0,2
0,372,1910,1,0,2
0,373,1900,1,0,2
0,374,610,-1,0,2
0,375,3100,1,0,2
0,376,4090,1,0,2
0,377,1080,1,0,2
0,378,1330,1,0,2
0,379,3370,1,0,2
0,380,5340,1,0,2
0,381,960,1,0,2
0,382,1770,1,0,2
0,383,1350,1,0,2
0,384,1980,1,0,2
0,385,1660,1,0,2
0,386,560,1,0,2
0,387,4330,1,0,2
0,388,3510,1,0,2
0,389,1310,1,0,2
0,390,1220,1,0,2
0,391,5500,1,0,2
0,392,2810,1,0,2
0,393,5560,1,0,2
0,394,2290,-1,0,2
0,395,1120,1,0,2
0,396,900,1,0,2
0,397,2570,1,0,2
0,398,3710,-1,0,2
0,399,4820,1,0,2
0,400,850,1,0,2
0,401,2710,1,0,2
0,402,1920,1,0,2
0,403,2650,1,0,2
0,404,1390,1,0,2
0,405,2430,1,0,2
0,406,2600,1,0,2
0,407,2330,-1,0,2
0,408,2800,1,0,2
0,409,2680,1,0,2
0,410,8510,1,0,2
0,411,3830,1,0,2
0,412,3980,1,0,2
0,413,1960,1,0,2
0,414,1750,-1,0,2
0,415,2150,1,0,2
0,416,2630,-1,0,2
0,417,430,1,0,2
0,418,810,1,0,2
0,419,2900,-1,0,2
0,420,1460,1,0,2
0,421,3300,-1,0,2
0,422,1930,1,0,2
0,423,2980,1,0,2
0,424,1270,-1,0,2
0,425,1760,1,0,2
0,426,890,1,0,2
0,427,7110,1,0,2
0,428,1790,1,0,2
0,429,1480,1,0,2
0,430,2920,-1,0,2
0,431,2300,1,0,2
0,432,1320,1,0,2
0,433,1870,1,0,2
0,434,2860,1,0,2
0,435,3200,1,0,2
0,436,1070,1,0,2
0,437,650,-1,0,2
0,438,3460,1,0,2
0,439,1380,1,0,2
0,440,1830,1,0,2
0,441,1850,1,0,2
0,442,1460,-1,0,2
0,443,540,1,0,2
0,444,2260,1,0,2
0,445,460,1,0,2
0,446,1770,1,0,2
0,447,2470,1,0,2
0,448,1050,1,0,2
0,449,1420,1,0,2
0,450,1450,1,0,2
0,451,2200,1,0,2
0,452,4190,1,0,2
0,453,3340,1,0,2
0,454,4230,1,0,2
0,455,3080,1,0,2
0,456,2860,-1,0,2
0,457,2850,1,0,2
0,458,3200,1,0,2
0,459,610,1,0,2
0,460,840,1,0,2
0,461,820,1,0,2
0,462,1200,1,0,2
0,463,3420,1,0,2
0,464,1120,-1,0,2
0,465,1490,1,0,2
0,466,2420,1,0,2
0,467,3120,1,0,2
0,468,8550,-1,0,2
0,469,2210,1,0,2
0,470,1500,1,0,2
0,471,900,1,0,2
0,472,1160,1,0,2
0,473,1710,1,0,2
0,474,3610,1,0,2
0,475,710,1,0,2
0,476,2500,1,0,2
0,477,1920,1,0,2
0,478,3090,1,0,2
0,479,2570,-1,0,2
0,480,2960,1,0,2
0,481,3610,1,0,2
0,482,2090,1,0,2
0,483,1320,1,0,2
0,484,1530,1,0,2
0,485,990,1,0,2
0,486,6150,1,0,2
0,487,1960,-1,0,2
0,488,360,1,0,2
0,489,2070,-1,0,2
0,490,2290,1,0,2
0,491,3130,1,0,2
0,492,4230,1,0,2
0,493,710,1,0,2
0,494,680,-1,0,2
0,495,1150,-1,0,2
0,496,1160,1,0,2
0,497,2050,1,0,2
0,498,600,-1,0,2
0,499,2790,1,0,2
0,500,3290,-1,0,3
0,501,2060,1,0,3
0,502,600,1,0,3
0,503,2260,1,0,3
0,504,1630,1,0,3
0,505,910,1,0,3
0,506,3370,1,0,3
0,507,1780,1,0,3
0,508,4950,1,0,3
0,509,840,-1,0,3
0,510,1110,1,0,3
0,511,780,1,0,3
0,512,2120,1,0,3
0,513,2620,1,0,3
0,514,1610,1,0,3
0,515,3040,1,0,3
0,516,900,1,0,3
0,517,1290,1,0,3
0,518,1520,1,0,3
0,519,3500,-1,0,3
0,520,2400,1,0,3
0,521,2020,1,0,3
0,522,820,1,0,3
0,523,4170,1,0,3
0,524,1420,1,0,3
0,525,860,1,0,3
0,526,1170,1,0,3
0,527,3680,1,0,3
0,528,1690,1,0,3
0,529,2970,1,0,3
0,530,1040,1,0,3
0,531,1030,-1,0,3
0,532,3060,1,0,3
0,533,1080,1,0,3
0,534,500,1,0,3
0,535,1440,1,0,3
0,536,590,1,0,3
0,537,1690,1,0,3
0,538,570,1,0,3
0,539,3570,1,0,3
0,540,5050,1,0,3
0,541,5360,1,0,3
0,542,2270,1,0,3
0,543,750,1,0,3
0,544,6390,1,0,3
0,545,830,1,0,3
0,546,2370,1,0,3
0,547,2230,1,0,3
0,548,2650,1,0,3
0,549,2310,1,0,3
0,550,740,1,0,3
0,551,2130,1,0,3
0,552,1260,1,0,3
0,553,3690,1,0,3
0,554,400,-1,0,3
0,555,1870,1,0,3
0,556,490,1,0,3
0,557,1430,1,0,3
0,558,1050,1,0,3
0,559,6480,1,0,3
0,560,500,1,0,3
0,561,3430,1,0,3
0,562,4120,1,0,3
0,563,1890,1,0,3
0,564,680,1,0,3
0,565,1100,1,0,3
0,566,3390,1,0,3
0,567,3070,1,0,3
0,568,1980,1,0,3
0,569,1410,1,0,3
0,570,2430,1,0,3
0,571,1230,1,0,3
0,572,910,1,0,3
0,573,620,1,0,3
0,574,1290,1,0,3
0,575,4320,1,0,3
0,576,1020,1,0,3
0,577,1660,1,0,3
0,578,2010,1,0,3
0,579,4020,1,0,3
0,580,630,-1,0,3
0,581,1030,1,0,3
0,582,1860,1,0,3
0,583,1880,1,0,3
0,584,1920,1,0,3
0,585,3160,1,0,3
0,586,960,1,0,3
0,587,1790,1,0,3
0,588,1970,1,0,3
0,589,360,-1,0,3
0,590,5870,1,0,3
0,591,4260,-1,0,3
0,592,3400,1,0,3
0,593,1550,1,0,3
0,594,2140,1,0,3
0,595,3020,1,0,3
0,596,970,1,0,3
0,597,3460,1,0,3
0,598,1450,1,0,3
0,599,1050,1,0,3
0,600,4950,-1,1,0
0,601,1420,1,1,0
0,602,1280,1,1,0
0,603,1460,-1,1,0
0,604,2440,-1,1,0
0,605,580,-1,1,0
0,606,1080,1,1,0
0,607,840,-1,1,0
0,608,5500,-1,1,0
0,609,2740,-1,1,0
0,610,1190,-1,1,0
0,611,2500,-1,1,0
0,612,680,1,1,0
0,613,1290,-1,1,0
0,614,1010,1,1,0
0,615,3260,1,1,0
0,616,1360,1,1,0
0,617,690,-1,1,0
0,618,2160,-1,1,0
0,619,1470,-1,1,0
0,620,2890,-1,1,0
0,621,7880,1,1,0
0,622,2170,-1,1,0
0,623,1380,-1,1,0
0,624,3780,1,1,0
0,625,8870,-1,1,0
0,626,3490,-1,1,0
0,627,2920,-1,1,0
0,628,1160,-1,1,0
0,629,1540,-1,1,0
0,630,1400,-1,1,0
0,631,750,-1,1,0
0,632,5550,-1,1,0
0,633,4390,1,1,0
0,634,390,1,1,0
0,635,3100,1,1,0
0,636,6410,-1,1,0
0,637,2570,-1,1,0
0,638,8830,-1,1,0
0,639,2890,-1,1,0
0,640,1970,-1,1,0
0,641,3460,1,1,0
0,642,750,1,1,0
0,643,1160,-1,1,0
0,644,1950,-1,1,0
0,645,2540,-1,1,0
0,646,2980,1,1,0
0,647,2750,1,1,0
0,648,1500,1,1,0
0,649,920,-1,1,0
0,650,4280,-1,1,0
0,651,2220,-1,1,0
0,652,2930,-1,1,0
0,653,5390,1,1,0
0,654,2530,-1,1,0
0,655,2860,1,1,0
0,656,5660,1,1,0
0,657,4140,-1,1,0
0,658,820,-1,1,0
0,659,1910,-1,1,0
0,660,8740,-1,1,0
0,661,2310,-1,1,0
0,662,1380,-1,1,0
0,663,320,1,1,0
0,664,1760,-1,1,0
0,665,600,1,1,0
0,666,1530,-1,1,0
0,667,3830,-1,1,0
0,668,630,-1,1,0
0,669,6680,-1,1,0
0,670,4950,-1,1,0
0,671,2900,-1,1,0
0,672,2150,-1,1,0
0,673,2220,1,1,0
0,674,4420,-1,1,0
0,675,810,1,1,0
0,676,890,-1,1,0
0,677,790,-1,1,0
0,678,1620,1,1,0
0,679,1200,-1,1,0
0,680,630,1,1,0
0,681,7260,-1,1,0
0,682,3950,-1,1,0
0,683,410,1,1,0
0,684,4410,-1,1,0
0,685,1590,-1,1,0
0,686,3220,-1,1,0
0,687,5860,-1,1,0
0,688,1180,-1,1,0
0,689,4810,-1,1,0
0,690,1680,-1,1,0
0,691,7410,1,1,0
0,692,790,-1,1,0
0,693,2260,1,1,0
0,694,1690,-1,1,0
0,695,560,-1,1,0
0,696,3750,-1,1,0
0,697,820,1,1,0
0,698,5630,-1,1,0
0,699,820,1,1,0
0,700,2600,-1,1,0
0,701,7880,1,1,0
0,702,2980,-1,1,0
0,703,2780,1,1,0
0,704,2610,1,1,0
0,705,2870,1,1,0
0,706,2230,1,1,0
0,707,3230,1,1,0
0,708,7400,1,1,0
0,709,1930,1,1,0
0,710,2110,-1,1,0
0,711,1290,-1,1,0
0,712,4590,1,1,0
0,713,2330,-1,1,0
0,714,5030,-1,1,0
0,715,4710,1,1,0
0,716,3690,-1,1,0
0,717,940,1,1,0
0,718,1160,-1,1,0
0,719,2640,-1,1,0
0,720,1670,-1,1,0
0,721,580,-1,1,0
0,722,4630,-1,1,0
0,723,4270,1,1,0
0,724,6620,1,1,0
0,725,3380,-1,1,0
0,726,1490,-1,1,0
0,727,1500,-1,1,0
0,728,540,1,1,0
0,729,2570,1,1,0
0,730,1610,-1,1,0
0,731,3510,-1,1,0
0,732,3180,-1,1,0
0,733,2410,-1,1,0
0,734,3810,-1,1,0
0,735,2720,-1,1,0
0,736,4260,-1,1,0
0,737,1510,-1,1,0
0,738,3770,1,1,0
0,739,1500,-1,1,0
0,740,5380,-1,1,0
0,741,1460,1,1,0
0,742,1760,-1,1,0
0,743,2610,1,1,0
0,744,1950,-1,1,0
0,745,2410,-1,1,0
0,746,3910,-1,1,0
0,747,1910,-1,1,0
0,748,1190,1,1,0
0,749,2070,-1,1,0
0,750,2000,-1,1,0
0,751,1280,-1,1,0
0,752,5080,1,1,0
0,753,1220,1,1,0
0,754,7290,-1,1,0
0,755,3050,1,1,0
0,756,2380,-1,1,0
0,757,1270,-1,1,0
0,758,2510,1,1,0
0,759,1280,1,1,0
0,760,560,-1,1,0
0,761,3070,-1,1,0
0,762,1170,1,1,0
0,763,2950,-1,1,0
0,764,7350,-1,1,0
0,765,800,-1,1,0
0,766,2730,-1,1,0
0,767,1190,-1,1,0
0,768,2690,1,1,0
0,769,1160,-1,1,0
0,770,9840,1,1,0
0,771,940,1,1,0
0,772,6020,1,1,0
0,773,3120,-1,1,0
0,774,340,1,1,0
0,775,3290,1,1,0
0,776,590,1,1,0
0,777,1020,-1,1,0
0,778,5030,-1,1,0
0,779,6030,-1,1,0
0,780,1030,-1,1,0
0,781,4910,1,1,0
0,782,4330,-1,1,0
0,783,3530,-1,1,0
0,784,7380,-1,1,0
0,785,4140,-1,1,0
0,786,1470,1,1,0
0,787,1630,1,1,0
0,788,5570,1,1,0
0,789,4300,1,1,0
0,790,1010,-1,1,0
0,791,1850,-1,1,0
0,792,540,-1,1,0
0,793,3410,-1,1,0
0,794,780,1,1,0
0,795,2210,1,1,0
0,796,1510,1,1,0
0,797,3480,-1,1,0
0,798,3740,-1,1,0
0,799,7170,-1,1,0
0,800,6850,-1,1,1
0,801,2660,-1,1,1
0,802,850,-1,1,1
0,803,6500,-1,1,1
0,804,1200,1,1,1
0,805,5720,-1,1,1
0,806,6780,1,1,1
0,807,1620,1,1,1
0,808,4130,-1,1,1
0,809,2630,1,1,1
0,810,4360,-1,1,1
0,811,1240,1,1,1
0,812,3590,1,1,1
0,813,4320,1,1,1
0,814,2100,1,1,1
0,815,2260,-1,1,1
0,816,2790,1,1,1
0,817,2250,1,1,1
0,818,1740,-1,1,1
0,819,500,1,1,1
0,820,410,-1,1,1
0,821,2320,-1,1,1
0,822,610,-1,1,1
0,823,5210,1,1,1
0,824,1000,1,1,1
0,825,6740,1,1,1
0,826,5850,-1,1,1
0,827,1190,-1,1,1
0,828,3350,-1,1,1
0,829,2210,-1,1,1
0,830,2900,1,1,1
0,831,2480,-1,1,1
0,832,5170,1,1,1
0,833,1260,1,1,1
0,834,890,1,1,1
0,835,950,1,1,1
0,836,1630,-1,1,1
0,837,6570,1,1,1
0,838,2050,-1,1,1
0,839,1080,1,1,1
0,840,5570,-1,1,1
0,841,2040,-1,1,1
0,842,970,1,1,1
0,843,4050,1,1,1
0,844,970,1,1,1
0,845,2430,-1,1,1
0,846,5170,-1,1,1
0,847,1910,1,1,1
0,848,850,-1,1,1
0,849,1570,1,1,1
0,850,750,-1,1,1
0,851,2590,-1,1,1
0,852,1220,-1,1,1
0,853,1430,-1,1,1
0,854,2130,1,1,1
0,855,1590,-1,1,1
0,856,1400,-1,1,1
0,857,2630,1,1,1
0,858,560,1,1,1
0,859,1120,1,1,1
0,860,3060,1,1,1
0,861,720,-1,1,1
0,862,1770,1,1,1
0,863,4910,-1,1,1
0,864,2190,1,1,1
0,865,3000,1,1,1
0,866,2020,1,1,1
0,867,1080,-1,1,1
0,868,1620,1,1,1
0,869,1200,-1,1,1
0,870,1170,1,1,1
0,871,2650,1,1,1
0,872,1430,-1,1,1
0,873,3470,1,1,1
0,874,700,-1,1,1
0,875,1110,-1,1,1
0,876,1820,-1,1,1
0,877,3050,1,1,1
0,878,12890,-1,1,1
0,879,760,1,1,1
0,880,2890,1,1,1
0,881,470,-1,1,1
0,882,1190,-1,1,1
0,883,2790,1,1,1
0,884,1060,1,1,1
0,885,480,-1,1,1
0,886,5060,-1,1,1
0,887,2380,1,1,1
0,888,1900,-1,1,1
0,889,2130,-1,1,1
0,890,990,-1,1,1
0,891,2920,1,1,1
0,892,820,1,1,1
0,893,890,-1,1,1
0,894,1280,1,1,1
0,895,1340,1,1,1
0,896,640,1,1,1
0,897,2800,1,1,1
0,898,2950,1,1,1
0,899,1940,-1,1,1
0,900,1210,-1,1,2
0,901,2520,-1,1,2
0,902,310,-1,1,2
0,903,2250,-1,1,2
0,904,1130,1,1,2
0,905,2930,-1,1,2
0,906,2720,1,1,2
0,907,610,1,1,2
0,908,2800,1,1,2
0,909,2420,1,1,2
0,910,2090,1,1,2
0,911,1580,1,1,2
0,912,1700,1,1,2
0,913,8970,-1,1,2
0,914,1110,1,1,2
0,915,2080,1,1,2
0,916,770,1,1,2
0,917,6920,-1,1,2
0,918,1240,1,1,2
0,919,1180,1,1,2
0,920,630,1,1,2
0,921,4170,1,1,2
0,922,9220,-1,1,2
0,923,2120,1,1,2
0,924,1970,1,1,2
0,925,3470,-1,1,2
0,926,1770,1,1,2
0,927,2810,1,1,2
0,928,10180,1,1,2
0,929,2960,1,1,2
0,930,3630,1,1,2
0,931,580,1,1,2
0,932,4670,1,1,2
0,933,2170,-1,1,2
0,934,1500,-1,1,2
0,935,5600,-1,1,2
0,936,1960,1,1,2
0,937,1360,1,1,2
0,938,4950,1,1,2
0,939,1680,1,1,2
0,940,8480,-1,1,2
0,941,1750,1,1,2
0,942,2240,1,1,2
0,943,1240,1,1,2
0,944,770,1,1,2
0,945,4590,-1,1,2
0,946,3230,1,1,2
0,947,2630,-1,1,2
0,948,2030,1,1,2
0,949,1960,1,1,2
0,950,4110,1,1,2
0,951,990,-1,1,2
0,952,5060,1,1,2
0,953,1980,1,1,2
0,954,4720,1,1,2
0,955,5590,1,1,2
0,956,5620,-1,1,2
0,957,700,-1,1,2
0,958,2350,-1,1,2
0,959,760,-1,1,2
0,960,5430,-1,1,2
0,961,850,-1,1,2
0,962,1440,1,1,2
0,963,2870,1,1,2
0,964,840,1,1,2
0,965,440,-1,1,2
0,966,7650,1,1,2
0,967,670,-1,1,2
0,968,1230,1,1,2
0,969,880,-1,1,2
0,970,1100,1,1,2
0,971,1680,-1,1,2
0,972,6920,1,1,2
0,973,3970,-1,1,2
0,974,430,1,1,2
0,975,850,-1,1,2
0,976,1470,1,1,2
0,977,3500,1,1,2
0,978,1280,1,1,2
0,979,1050,1,1,2
0,980,3390,1,1,2
0,981,2290,1,1,2
0,982,1830,-1,1,2
0,983,2590,1,1,2
0,984,3130,1,1,2
0,985,4540,-1,1,2
0,986,960,1,1,2
0,987,2860,-1,1,2
0,988,2790,-1,1,2
0,989,4600,1,1,2
0,990,1820,1,1,2
0,991,2260,1,1,2
0,992,1680,1,1,2
0,993,430,-1,1,2
0,994,1050,1,1,2
0,995,2780,1,1,2
0,996,1080,1,1,2
0,997,1710,1,1,2
0,998,1780,1,1,2
0,999,4840,1,1,2
0,1000,3660,1,1,2
0,1001,3300,1,1,2
0,1002,1000,1,1,2
0,1003,3510,1,1,2
0,1004,2950,-1,1,2
0,1005,1120,1,1,2
0,1006,1110,-1,1,2
0,1007,5510,1,1,2
0,1008,1040,1,1,2
0,1009,2530,1,1,2
0,1010,950,-1,1,2
0,1011,2660,1,1,2
0,1012,600,1,1,2
0,1013,930,1,1,2
0,1014,2360,-1,1,2
0,1015,1310,1,1,2
0,1016,2130,-1,1,2
0,1017,760,1,1,2
0,1018,1990,-1,1,2
0,1019,3690,-1,1,2
0,1020,4060,-1,1,2
0,1021,4750,1,1,2
0,1022,1470,-1,1,2
0,1023,3080,1,1,2
0,1024,570,1,1,2
0,1025,2520,-1,1,2
0,1026,1680,1,1,2
0,1027,1950,1,1,2
0,1028,5410,1,1,2
0,1029,2050,1,1,2
0,1030,2560,1,1,2
0,1031,1550,-1,1,2
0,1032,550,-1,1,2
0,1033,1770,1,1,2
0,1034,4600,1,1,2
0,1035,580,1,1,2
0,1036,7000,-1,1,2
0,1037,2320,1,1,2
0,1038,860,1,1,2
0,1039,2830,-1,1,2
0,1040,970,-1,1,2
0,1041,5970,1,1,2
0,1042,1530,-1,1,2
0,1043,3770,-1,1,2
0,1044,1070,1,1,2
0,1045,1740,1,1,2
0,1046,520,-1,1,2
0,1047,300,-1,1,2
0,1048,930,1,1,2
0,1049,4890,1,1,2
0,1050,950,-1,1,2
0,1051,3940,1,1,2
0,1052,3970,1,1,2
0,1053,1510,1,1,2
0,1054,410,-1,1,2
0,1055,3110,1,1,2
0,1056,1640,-1,1,2
0,1057,3690,-1,1,2
0,1058,13710,-1,1,2
0,1059,3140,1,1,2
0,1060,2990,1,1,2
0,1061,4360,-1,1,2
0,1062,2280,1,1,2
0,1063,3240,1,1,2
0,1064,1510,-1,1,2
0,1065,2250,1,1,2
0,1066,3320,1,1,2
0,1067,3360,-1,1,2
0,1068,1000,1,1,2
0,1069,690,1,1,2
0,1070,5220,1,1,2
0,1071,3360,1,1,2
0,1072,5210,1,1,2
0,1073,1160,1,1,2
0,1074,3090,1,1,2
0,1075,2070,1,1,2
0,1076,3940,1,1,2
0,1077,2220,1,1,2
0,1078,2420,1,1,2
0,1079,6470,1,1,2
0,1080,1980,1,1,2
0,1081,6340,1,1,2
0,1082,12330,-1,1,2
0,1083,3730,-1,1,2
0,1084,3310,1,1,2
0,1085,4060,-1,1,2
0,1086,2230,-1,1,2
0,1087,4450,-1,1,2
0,1088,1590,1,1,2
0,1089,3480,1,1,2
0,1090,3220,1,1,2
0,1091,2190,1,1,2
0,1092,590,1,1,2
0,1093,2370,1,1,2
0,1094,2390,-1,1,2
0,1095,1710,1,1,2
0,1096,1530,1,1,2
0,1097,1240,-1,1,2
0,1098,6300,1,1,2
0,1099,1300,1,1,2
0,1100,800,1,1,3
0,1101,1010,1,1,3
0,1102,1080,1,1,3
0,1103,4850,1,1,3
0,1104,4420,1,1,3
0,1105,5260,1,1,3
0,1106,2660,1,1,3
0,1107,6760,-1,1,3
0,1108,5300,-1,1,3
0,1109,3070,1,1,3
0,1110,710,1,1,3
0,1111,3630,1,1,3
0,1112,380,1,1,3
0,1113,2210,1,1,3
0,1114,7190,-1,1,3
0,1115,1430,-1,1,3
0,1116,3580,1,1,3
0,1117,4820,1,1,3
0,1118,920,1,1,3
0,1119,2490,1,1,3
0,1120,2290,1,1,3
0,1121,1030,1,1,3
0,1122,3470,1,1,3
0,1123,2880,1,1,3
0,1124,1530,1,1,3
0,1125,1390,1,1,3
0,1126,3740,-1,1,3
0,1127,2800,1,1,3
0,1128,1030,1,1,3
0,1129,5310,1,1,3
0,1130,4210,1,1,3
0,1131,730,1,1,3
0,1132,1280,1,1,3
0,1133,4800,1,1,3
0,1134,1390,-1,1,3
0,1135,2540,-1,1,3
0,1136,4680,1,1,3
0,1137,2090,1,1,3
0,1138,3820,1,1,3
0,1139,1330,-1,1,3
0,1140,1450,1,1,3
0,1141,1160,1,1,3
0,1142,1940,1,1,3
0,1143,920,1,1,3
0,1144,610,1,1,3
0,1145,4940,1,1,3
0,1146,1850,1,1,3
0,1147,2090,1,1,3
0,1148,530,1,1,3
0,1149,3600,1,1,3
0,1150,4190,1,1,3
0,1151,2540,1,1,3
0,1152,1680,-1,1,3
0,1153,1220,1,1,3
0,1154,1240,1,1,3
0,1155,1430,-1,1,3
0,1156,3090,1,1,3
0,1157,3570,1,1,3
0,1158,2250,1,1,3
0,1159,2610,1,1,3
0,1160,3500,1,1,3
0,1161,2180,1,1,3
0,1162,730,1,1,3
0,1163,1740,-1,1,3
0,1164,1820,1,1,3
0,1165,4020,1,1,3
0,1166,1370,1,1,3
0,1167,1380,-1,1,3
0,1168,650,1,1,3
0,1169,1620,1,1,3
0,1170,1040,1,1,3
0,1171,1520,1,1,3
0,1172,1780,1,1,3
0,1173,2180,1,1,3
0,1174,2960,-1,1,3
0,1175,2060,1,1,3
0,1176,2470,1,1,3
0,1177,2240,1,1,3
0,1178,3600,-1,1,3
0,1179,4190,1,1,3
0,1180,5240,1,1,3
0,1181,3200,1,1,3
0,1182,4030,1,1,3
0,1183,740,1,1,3
0,1184,670,1,1,3
0,1185,5000,1,1,3
0,1186,2160,1,1,3
0,1187,2670,1,1,3
0,1188,2680,-1,1,3
0,1189,640,1,1,3
0,1190,990,1,1,3
0,1191,2020,1,1,3
0,1192,440,1,1,3
0,1193,740,1,1,3
0,1194,1220,1,1,3
0,1195,4320,-1,1,3
0,1196,340,-1,1,3
0,1197,3690,1,1,3
0,1198,680,1,1,3
0,1199,1600,1,1,3
0,1200,1640,-1,2,0
0,1201,3150,1,2,0
0,1202,830,-1,2,0
0,1203,1470,-1,2,0
0,1204,1840,-1,2,0
0,1205,6310,-1,2,0
0,1206,2970,-1,2,0
0,1207,1270,-1,2,0
0,1208,1750,-1,2,0
0,1209,2430,-1,2,0
0,1210,2090,-1,2,0
0,1211,830,-1,2,0
0,1212,820,-1,2,0
0,1213,3410,-1,2,0
0,1214,1480,-1,2,0
0,1215,2420,-1,2,0
0,1216,5320,-1,2,0
0,1217,580,-1,2,0
0,1218,410,-1,2,0
0,1219,1700,-1,2,0
0,1220,1690,-1,2,0
0,1221,760,-1,2,0
0,1222,1080,-1,2,0
0,1223,870,-1,2,0
0,1224,2930,-1,2,0
0,1225,3930,-1,2,0
0,1226,1960,1,2,0
0,1227,1050,-1,2,0
0,1228,5970,-1,2,0
0,1229,3340,-1,2,0
0,1230,2130,-1,2,0
0,1231,10020,-1,2,0
0,1232,3790,-1,2,0
0,1233,2560,1,2,0
0,1234,1170,-1,2,0
0,1235,1930,-1,2,0
0,1236,2690,1,2,0
0,1237,3220,-1,2,0
0,1238,3020,-1,2,0
0,1239,580,-1,2,0
0,1240,1300,-1,2,0
0,1241,2450,-1,2,0
0,1242,1310,-1,2,0
0,1243,1860,-1,2,0
0,1244,1420,-1,2,0
0,1245,2760,-1,2,0
0,1246,1920,-1,2,0
0,1247,660,-1,2,0
0,1248,1840,-1,2,0
0,1249,560,-1,2,0
0,1250,1090,1,2,0
0,1251,1650,-1,2,0
0,1252,980,-1,2,0
0,1253,530,-1,2,0
0,1254,870,-1,2,0
0,1255,6730,-1,2,0
0,1256,3720,-1,2,0
0,1257,4110,-1,2,0
0,1258,5480,-1,2,0
0,1259,1370,-1,2,0
0,1260,1660,-1,2,0
0,1261,910,-1,2,0
0,1262,1180,-1,2,0
0,1263,8320,-1,2,0
0,1264,1190,-1,2,0
0,1265,920,-1,2,0
0,1266,6420,-1,2,0
0,1267,4290,-1,2,0
0,1268,3590,-1,2,0
0,1269,1180,-1,2,0
0,1270,6420,1,2,0
0,1271,1260,-1,2,0
0,1272,2100,-1,2,0
0,1273,1860,-1,2,0
0,1274,2900,-1,2,0
0,1275,1340,-1,2,0
0,1276,1330,-1,2,0
0,1277,6300,-1,2,0
0,1278,1090,1,2,0
0,1279,5160,1,2,0
0,1280,1210,-1,2,0
0,1281,5300,-1,2,0
0,1282,1970,-1,2,0
0,1283,930,-1,2,0
0,1284,1310,-1,2,0
0,1285,950,-1,2,0
0,1286,3370,-1,2,0
0,1287,1980,-1,2,0
0,1288,1700,1,2,0
0,1289,2960,-1,2,0
0,1290,1850,-1,2,0
0,1291,940,1,2,0
0,1292,3020,-1,2,0
0,1293,1030,-1,2,0
0,1294,850,-1,2,0
0,1295,6930,-1,2,0
0,1296,2480,-1,2,0
0,1297,1570,-1,2,0
0,1298,3400,-1,2,0
0,1299,1790,-1,2,0
0,1300,1460,-1,2,0
0,1301,4060,-1,2,0
0,1302,680,-1,2,0
0,1303,2680,1,2,0
0,1304,3040,1,2,0
0,1305,1510,-1,2,0
0,1306,3060,-1,2,0
0,1307,2690,-1,2,0
0,1308,1730,-1,2,0
0,1309,1800,-1,2,0
0,1310,1000,-1,2,0
0,1311,3190,-1,2,0
0,1312,2310,-1,2,0
0,1313,1530,-1,2,0
0,1314,4350,-1,2,0
0,1315,5970,-1,2,0
0,1316,720,-1,2,0
0,1317,820,-1,2,0
0,1318,4890,-1,2,0
0,1319,2040,-1,2,0
0,1320,1230,-1,2,0
0,1321,2690,-1,2,0
0,1322,4110,-1,2,0
0,1323,1510,-1,2,0
0,1324,1070,-1,2,0
0,1325,760,-1,2,0
0,1326,1100,-1,2,0
0,1327,1690,-1,2,0
0,1328,7360,-1,2,0
0,1329,3720,-1,2,0
0,1330,1030,-1,2,0
0,1331,1750,-1,2,0
0,1332,4790,-1,2,0
0,1333,1040,1,2,0
0,1334,360,1,2,0
0,1335,2570,-1,2,0
0,1336,3690,1,2,0
0,1337,4170,-1,2,0
0,1338,2830,1,2,0
0,1339,1320,-1,2,0
0,1340,2480,-1,2,0
0,1341,4600,-1,2,0
0,1342,1750,-1,2,0
0,1343,1810,-1,2,0
0,1344,2530,-1,2,0
0,1345,2290,1,2,0
0,1346,1730,-1,2,0
0,1347,2430,1,2,0
0,1348,1070,-1,2,0
0,1349,1460,-1,2,0
0,1350,2430,-1,2,0
0,1351,3350,-1,2,0
0,1352,3260,-1,2,0
0,1353,1980,1,2,0
0,1354,9040,-1,2,0
0,1355,680,-1,2,0
0,1356,660,-1,2,0
0,1357,2170,-1,2,0
0,1358,2640,-1,2,0
0,1359,900,-1,2,0
0,1360,3340,-1,2,0
0,1361,1290,-1,2,0
0,1362,1820,-1,2,0
0,1363,1430,-1,2,0
0,1364,590,-1,2,0
0,1365,1400,-1,2,0
0,1366,3470,-1,2,0
0,1367,770,-1,2,0
0,1368,2530,-1,2,0
0,1369,4760,1,2,0
0,1370,1290,1,2,0
0,1371,2860,1,2,0
0,1372,1810,-1,2,0
0,1373,1360,1,2,0
0,1374,5220,-1,2,0
0,1375,860,-1,2,0
0,1376,3120,1,2,0
0,1377,1700,1,2,0
0,1378,1320,-1,2,0
0,1379,2620,-1,2,0
0,1380,1730,1,2,0
0,1381,9760,-1,2,0
0,1382,1540,-1,2,0
0,1383,1550,-1,2,0
0,1384,1270,-1,2,0
0,1385,1920,1,2,0
0,1386,680,-1,2,0
0,1387,1200,-1,2,0
0,1388,910,-1,2,0
0,1389,890,-1,2,0
0,1390,2090,-1,2,0
0,1391,920,-1,2,0
0,1392,2080,-1,2,0
0,1393,3230,-1,2,0
0,1394,1340,-1,2,0
0,1395,3150,1,2,0
0,1396,3820,-1,2,0
0,1397,1320,-1,2,0
0,1398,2020,-1,2,0
0,1399,5970,-1,2,0
0,1400,1740,1,2,1
0,1401,1380,-1,2,1
0,1402,20510,1,2,1
0,1403,820,1,2,1
0,1404,800,1,2,1
0,1405,2420,1,2,1
0,1406,1750,-1,2,1
0,1407,800,-1,2,1
0,1408,2750,-1,2,1
0,1409,3420,1,2,1
0,1410,820,-1,2,1
0,1411,1190,-1,2,1
0,1412,760,-1,2,1
0,1413,1300,1,2,1
0,1414,12260,1,2,1
0,1415,1030,-1,2,1
0,1416,3860,-1,2,1
0,1417,2020,-1,2,1
0,1418,2760,-1,2,1
0,1419,3280,1,2,1
0,1420,980,-1,2,1
0,1421,2130,-1,2,1
0,1422,1510,1,2,1
0,1423,1050,-1,2,1
0,1424,5040,-1,2,1
0,1425,1330,1,2,1
0,1426,860,-1,2,1
0,1427,2340,-1,2,1
0,1428,1260,-1,2,1
0,1429,1060,-1,2,1
0,1430,6430,-1,2,1
0,1431,440,-1,2,1
0,1432,2920,-1,2,1
0,1433,980,-1,2,1
0,1434,7450,1,2,1
0,1435,4910,1,2,1
0,1436,1190,-1,2,1
0,1437,2070,-1,2,1
0,1438,230,1,2,1
0,1439,3150,-1,2,1
0,1440,2690,1,2,1
0,1441,9150,1,2,1
0,1442,2020,-1,2,1
0,1443,630,-1,2,1
0,1444,1910,-1,2,1
0,1445,2040,-1,2,1
0,1446,730,-1,2,1
0,1447,2380,-1,2,1
0,1448,1590,1,2,1
0,1449,2110,-1,2,1
0,1450,3490,-1,2,1
0,1451,3020,-1,2,1
0,1452,540,-1,2,1
0,1453,410,-1,2,1
0,1454,2970,-1,2,1
0,1455,1530,-1,2,1
0,1456,1130,-1,2,1
0,1457,1550,-1,2,1
0,1458,360,-1,2,1
0,1459,2920,-1,2,1
0,1460,2150,1,2,1
0,1461,4490,-1,2,1
0,1462,2370,-1,2,1
0,1463,10460,-1,2,1
0,1464,1190,-1,2,1
0,1465,530,1,2,1
0,1466,2630,-1,2,1
0,1467,2710,-1,2,1
0,1468,1050,-1,2,1
0,1469,970,1,2,1
0,1470,4290,-1,2,1
0,1471,720,1,2,1
0,1472,6550,-1,2,1
0,1473,1100,-1,2,1
0,1474,4780,-1,2,1
0,1475,2660,-1,2,1
0,1476,2260,-1,2,1
0,1477,1650,1,2,1
0,1478,1450,-1,2,1
0,1479,1230,1,2,1
0,1480,2590,-1,2,1
0,1481,1580,-1,2,1
0,1482,1980,1,2,1
0,1483,540,1,2,1
0,1484,1960,1,2,1
0,1485,560,1,2,1
0,1486,2050,-1,2,1
0,1487,1030,-1,2,1
0,1488,1100,1,2,1
0,1489,810,-1,2,1
0,1490,6600,1,2,1
0,1491,2270,-1,2,1
0,1492,2020,1,2,1
0,1493,1530,-1,2,1
0,1494,660,1,2,1
0,1495,1530,1,2,1
0,1496,3740,-1,2,1
0,1497,3430,1,2,1
0,1498,1670,-1,2,1
0,1499,3990,-1,2,1
0,1500,4410,-1,2,1
0,1501,1620,-1,2,1
0,1502,4470,-1,2,1
0,1503,800,-1,2,1
0,1504,1990,-1,2,1
0,1505,1500,-1,2,1
0,1506,1640,-1,2,1
0,1507,3160,1,2,1
0,1508,1520,-1,2,1
0,1509,1340,-1,2,1
0,1510,1700,-1,2,1
0,1511,4760,-1,2,1
0,1512,6290,-1,2,1
0,1513,6440,-1,2,1
0,1514,1120,-1,2,1
0,1515,800,-1,2,1
0,1516,900,-1,2,1
0,1517,970,-1,2,1
0,1518,1170,1,2,1
0,1519,2640,1,2,1
0,1520,590,-1,2,1
0,1521,1350,-1,2,1
0,1522,3090,1,2,1
0,1523,3860,-1,2,1
0,1524,1510,-1,2,1
0,1525,1010,1,2,1
0,1526,4170,1,2,1
0,1527,3630,-1,2,1
0,1528,2910,-1,2,1
0,1529,680,-1,2,1
0,1530,6290,1,2,1
0,1531,870,-1,2,1
0,1532,2300,-1,2,1
0,1533,870,1,2,1
0,1534,6120,-1,2,1
0,1535,1300,1,2,1
0,1536,1070,1,2,1
0,1537,1140,-1,2,1
0,1538,530,-1,2,1
0,1539,2320,-1,2,1
0,1540,4980,1,2,1
0,1541,1010,1,2,1
0,1542,2310,1,2,1
0,1543,3540,-1,2,1
0,1544,3440,1,2,1
0,1545,4870,-1,2,1
0,1546,1970,1,2,1
0,1547,2420,-1,2,1
0,1548,460,-1,2,1
0,1549,1980,-1,2,1
0,1550,1630,-1,2,1
0,1551,1120,-1,2,1
0,1552,460,-1,2,1
0,1553,3230,1,2,1
0,1554,520,-1,2,1
0,1555,1290,-1,2,1
0,1556,2790,1,2,1
0,1557,950,1,2,1
0,1558,11560,-1,2,1
0,1559,2320,-1,2,1
0,1560,1540,-1,2,1
0,1561,1400,-1,2,1
0,1562,470,-1,2,1
0,1563,2360,1,2,1
0,1564,4680,-1,2,1
0,1565,1990,1,2,1
0,1566,6690,-1,2,1
0,1567,1250,-1,2,1
0,1568,4340,-1,2,1
0,1569,3840,1,2,1
0,1570,770,-1,2,1
0,1571,7630,-1,2,1
0,1572,1570,-1,2,1
0,1573,3580,1,2,1
0,1574,13270,-1,2,1
0,1575,1060,-1,2,1
0,1576,5830,1,2,1
0,1577,1970,-1,2,1
0,1578,3790,-1,2,1
0,1579,880,-1,2,1
0,1580,3550,-1,2,1
0,1581,3180,1,2,1
0,1582,1220,-1,2,1
0,1583,1560,1,2,1
0,1584,1270,-1,2,1
0,1585,3820,-1,2,1
0,1586,450,-1,2,1
0,1587,5050,-1,2,1
0,1588,1770,-1,2,1
0,1589,3340,-1,2,1
0,1590,2950,-1,2,1
0,1591,3080,-1,2,1
0,1592,790,-1,2,1
0,1593,2380,-1,2,1
0,1594,3200,-1,2,1
0,1595,1130,1,2,1
0,1596,6490,1,2,1
0,1597,2070,-1,2,1
0,1598,2410,1,2,1
0,1599,12990,-1,2,1
0,1600,1160,1,2,2
0,1601,3520,1,2,2
0,1602,4450,-1,2,2
0,1603,1540,1,2,2
0,1604,1310,1,2,2
0,1605,1830,-1,2,2
0,1606,390,-1,2,2
0,1607,1900,-1,2,2
0,1608,3340,-1,2,2
0,1609,1650,-1,2,2
0,1610,1230,-1,2,2
0,1611,700,1,2,2
0,1612,820,1,2,2
0,1613,1200,1,2,2
0,1614,2730,1,2,2
0,1615,440,1,2,2
0,1616,7400,1,2,2
0,1617,5880,1,2,2
0,1618,1170,1,2,2
0,1619,2570,1,2,2
0,1620,1590,1,2,2
0,1621,1720,-1,2,2
0,1622,2430,-1,2,2
0,1623,4010,-1,2,2
0,1624,2710,-1,2,2
0,1625,430,1,2,2
0,1626,1230,1,2,2
0,1627,860,-1,2,2
0,1628,3890,-1,2,2
0,1629,1150,-1,2,2
0,1630,6110,1,2,2
0,1631,630,1,2,2
0,1632,1580,-1,2,2
0,1633,2920,1,2,2
0,1634,9860,1,2,2
0,1635,710,-1,2,2
0,1636,2890,1,2,2
0,1637,900,-1,2,2
0,1638,410,-1,2,2
0,1639,2050,-1,2,2
0,1640,2460,-1,2,2
0,1641,4770,1,2,2
0,1642,1090,-1,2,2
0,1643,800,1,2,2
0,1644,2000,1,2,2
0,1645,3590,1,2,2
0,1646,2720,-1,2,2
0,1647,2330,-1,2,2
0,1648,1150,-1,2,2
0,1649,1750,1,2,2
0,1650,1560,1,2,2
0,1651,2170,-1,2,2
0,1652,1460,1,2,2
0,1653,3850,-1,2,2
0,1654,1230,1,2,2
0,1655,1590,1,2,2
0,1656,1590,-1,2,2
0,1657,3070,1,2,2
0,1658,970,-1,2,2
0,1659,2430,1,2,2
0,1660,1970,-1,2,2
0,1661,2410,1,2,2
0,1662,1410,1,2,2
0,1663,790,-1,2,2
0,1664,2030,1,2,2
0,1665,1720,1,2,2
0,1666,2330,1,2,2
0,1667,1120,-1,2,2
0,1668,1020,1,2,2
0,1669,5830,-1,2,2
0,1670,2530,1,2,2
0,1671,1040,1,2,2
0,1672,2230,1,2,2
0,1673,1310,1,2,2
0,1674,1090,1,2,2
0,1675,1730,-1,2,2
0,1676,1030,-1,2,2
0,1677,430,1,2,2
0,1678,2060,-1,2,2
0,1679,1200,1,2,2
0,1680,1380,-1,2,2
0,1681,4050,-1,2,2
0,1682,1840,-1,2,2
0,1683,3020,-1,2,2
0,1684,4160,-1,2,2
0,1685,5960,1,2,2
0,1686,4140,-1,2,2
0,1687,600,1,2,2
0,1688,2820,-1,2,2
0,1689,2250,-1,2,2
0,1690,8990,-1,2,2
0,1691,1220,-1,2,2
0,1692,3150,1,2,2
0,1693,1730,-1,2,2
0,1694,4170,1,2,2
0,1695,930,1,2,2
0,1696,1510,1,2,2
0,1697,6840,-1,2,2
0,1698,6540,1,2,2
0,1699,2810,1,2,2
0,1700,4010,1,2,3
0,1701,1110,1,2,3
0,1702,1920,-1,2,3
0,1703,1340,1,2,3
0,1704,1040,1,2,3
0,1705,2040,-1,2,3
0,1706,7410,1,2,3
0,1707,950,1,2,3
0,1708,530,1,2,3
0,1709,1180,1,2,3
0,1710,1400,1,2,3
0,1711,1290,-1,2,3
0,1712,5130,1,2,3
0,1713,4210,1,2,3
0,1714,1130,1,2,3
0,1715,3150,-1,2,3
0,1716,1840,1,2,3
0,1717,2850,-1,2,3
0,1718,1950,1,2,3
0,1719,5000,-1,2,3
0,1720,3670,1,2,3
0,1721,960,-1,2,3
0,1722,860,1,2,3
0,1723,2510,1,2,3
0,1724,1410,-1,2,3
0,1725,1780,1,2,3
0,1726,4170,-1,2,3
0,1727,2400,1,2,3
0,1728,1030,1,2,3
0,1729,2410,1,2,3
0,1730,5160,1,2,3
0,1731,860,-1,2,3
0,1732,1350,1,2,3
0,1733,9920,1,2,3
0,1734,5150,-1,2,3
0,1735,1560,1,2,3
0,1736,1420,-1,2,3
0,1737,4600,1,2,3
0,1738,2690,1,2,3
0,1739,830,1,2,3
0,1740,400,1,2,3
0,1741,2620,1,2,3
0,1742,930,1,2,3
0,1743,4020,1,2,3
0,1744,2720,-1,2,3
0,1745,1800,1,2,3
0,1746,4820,1,2,3
0,1747,3980,1,2,3
0,1748,2640,1,2,3
0,1749,620,1,2,3
0,1750,1240,-1,2,3
0,1751,3110,1,2,3
0,1752,640,1,2,3
0,1753,3100,-1,2,3
0,1754,1670,1,2,3
0,1755,770,1,2,3
0,1756,1620,-1,2,3
0,1757,810,-1,2,3
0,1758,2430,-1,2,3
0,1759,6520,1,2,3
0,1760,3610,-1,2,3
0,1761,3230,1,2,3
0,1762,1360,1,2,3
0,1763,3210,1,2,3
0,1764,790,1,2,3
0,1765,6330,1,2,3
0,1766,730,1,2,3
0,1767,2190,1,2,3
0,1768,1140,1,2,3
0,1769,5690,-1,2,3
0,1770,4670,1,2,3
0,1771,4410,1,2,3
0,1772,900,1,2,3
0,1773,8470,1,2,3
0,1774,8720,-1,2,3
0,1775,2510,-1,2,3
0,1776,1940,1,2,3
0,1777,2320,1,2,3
0,1778,520,1,2,3
0,1779,590,1,2,3
0,1780,1300,1,2,3
0,1781,2340,1,2,3
0,1782,6500,-1,2,3
0,1783,740,1,2,3
0,1784,1050,1,2,3
0,1785,1500,-1,2,3
0,1786,3090,1,2,3
0,1787,1070,-1,2,3
0,1788,1720,1,2,3
0,1789,520,-1,2,3
0,1790,5450,1,2,3
0,1791,500,1,2,3
0,1792,2180,1,2,3
0,1793,1760,1,2,3
0,1794,3890,1,2,3
0,1795,1050,-1,2,3
0,1796,540,-1,2,3
0,1797,8730,1,2,3
0,1798,330,-1,2,3
0,1799,3040,1,2,3
0,1800,5560,-1,3,0
0,1801,1540,-1,3,0
0,1802,1920,-1,3,0
0,1803,2070,1,3,0
0,1804,3090,-1,3,0
0,1805,2630,-1,3,0
0,1806,1870,-1,3,0
0,1807,500,1,3,0
0,1808,5650,-1,3,0
0,1809,810,-1,3,0
0,1810,2100,-1,3,0
0,1811,5060,-1,3,0
0,1812,2820,-1,3,0
0,1813,870,-1,3,0
0,1814,3300,-1,3,0
0,1815,2080,1,3,0
0,1816,1030,-1,3,0
0,1817,1050,-1,3,0
0,1818,2600,-1,3,0
0,1819,1210,-1,3,0
0,1820,1820,-1,3,0
0,1821,1620,-1,3,0
0,1822,730,-1,3,0
0,1823,3930,-1,3,0
0,1824,2670,-1,3,0
0,1825,1610,-1,3,0
0,1826,990,-1,3,0
0,1827,940,-1,3,0
0,1828,1490,-1,3,0
0,1829,3630,-1,3,0
0,1830,830,-1,3,0
0,1831,6210,-1,3,0
0,1832,1480,-1,3,0
0,1833,3340,-1,3,0
0,1834,6110,-1,3,0
0,1835,380,-1,3,0
0,1836,1470,-1,3,0
0,1837,1740,-1,3,0
0,1838,4760,-1,3,0
0,1839,1540,-1,3,0
0,1840,2060,-1,3,0
0,1841,1020,-1,3,0
0,1842,400,-1,3,0
0,1843,1330,-1,3,0
0,1844,880,-1,3,0
0,1845,970,-1,3,0
0,1846,860,-1,3,0
0,1847,1210,-1,3,0
0,1848,5280,-1,3,0
0,1849,2530,-1,3,0
0,1850,740,-1,3,0
0,1851,1380,-1,3,0
0,1852,340,-1,3,0
0,1853,2830,-1,3,0
0,1854,1930,-1,3,0
0,1855,3140,-1,3,0
0,1856,1940,-1,3,0
0,1857,3110,-1,3,0
0,1858,2480,-1,3,0
0,1859,1000,-1,3,0
0,1860,390,-1,3,0
0,1861,3020,-1,3,0
0,1862,3040,-1,3,0
0,1863,1370,-1,3,0
0,1864,990,1,3,0
0,1865,1280,-1,3,0
0,1866,3170,-1,3,0
0,1867,1200,-1,3,0
0,1868,1480,-1,3,0
0,1869,1000,1,3,0
0,1870,2020,-1,3,0
0,1871,3570,-1,3,0
0,1872,1070,-1,3,0
0,1873,1850,-1,3,0
0,1874,2150,-1,3,0
0,1875,3930,1,3,0
0,1876,1090,-1,3,0
0,1877,4090,-1,3,0
0,1878,990,-1,3,0
0,1879,2410,-1,3,0
0,1880,700,-1,3,0
0,1881,1390,-1,3,0
0,1882,630,-1,3,0
0,1883,2000,-1,3,0
0,1884,3450,-1,3,0
0,1885,3190,-1,3,0
0,1886,1280,-1,3,0
0,1887,2010,-1,3,0
0,1888,2000,-1,3,0
0,1889,3440,-1,3,0
0,1890,1580,1,3,0
0,1891,550,-1,3,0
0,1892,5040,-1,3,0
0,1893,1150,-1,3,0
0,1894,580,1,3,0
0,1895,1390,-1,3,0
0,1896,1810,-1,3,0
0,1897,4140,-1,3,0
0,1898,1300,-1,3,0
0,1899,4480,-1,3,0
0,1900,1450,-1,3,1
0,1901,1900,1,3,1
0,1902,420,-1,3,1
0,1903,4040,1,3,1
0,1904,2880,-1,3,1
0,1905,7960,-1,3,1
0,1906,2690,-1,3,1
0,1907,1050,-1,3,1
0,1908,2480,-1,3,1
0,1909,900,1,3,1
0,1910,2420,-1,3,1
0,1911,5180,-1,3,1
0,1912,1720,-1,3,1
0,1913,2300,-1,3,1
0,1914,1380,-1,3,1
0,1915,1290,-1,3,1
0,1916,1290,-1,3,1
0,1917,2000,-1,3,1
0,1918,930,-1,3,1
0,1919,1490,-1,3,1
0,1920,4280,-1,3,1
0,1921,1390,-1,3,1
0,1922,1540,-1,3,1
0,1923,1150,-1,3,1
0,1924,3160,-1,3,1
0,1925,3070,-1,3,1
0,1926,850,-1,3,1
0,1927,570,-1,3,1
0,1928,2370,-1,3,1
0,1929,2450,-1,3,1
0,1930,2130,-1,3,1
0,1931,1930,-1,3,1
0,1932,1700,-1,3,1
0,1933,310,-1,3,1
0,1934,3340,-1,3,1
0,1935,2250,-1,3,1
0,1936,1710,1,3,1
0,1937,6190,-1,3,1
0,1938,6830,-1,3,1
0,1939,1600,-1,3,1
0,1940,3570,1,3,1
0,1941,810,-1,3,1
0,1942,2260,-1,3,1
0,1943,2690,1,3,1
0,1944,1340,-1,3,1
0,1945,800,-1,3,1
0,1946,2800,1,3,1
0,1947,3420,-1,3,1
0,1948,6910,-1,3,1
0,1949,2450,-1,3,1
0,1950,670,-1,3,1
0,1951,1410,1,3,1
0,1952,1760,-1,3,1
0,1953,1590,-1,3,1
0,1954,2220,1,3,1
0,1955,1010,-1,3,1
0,1956,5320,-1,3,1
0,1957,1180,-1,3,1
0,1958,1210,-1,3,1
0,1959,3490,-1,3,1
0,1960,2170,-1,3,1
0,1961,1980,-1,3,1
0,1962,840,-1,3,1
0,1963,2170,-1,3,1
0,1964,360,-1,3,1
0,1965,2460,-1,3,1
0,1966,3460,1,3,1
0,1967,1900,-1,3,1
0,1968,3370,1,3,1
0,1969,750,-1,3,1
0,1970,390,-1,3,1
0,1971,3230,-1,3,1
0,1972,540,1,3,1
0,1973,2510,-1,3,1
0,1974,3290,-1,3,1
0,1975,1420,-1,3,1
0,1976,2770,-1,3,1
0,1977,2490,-1,3,1
0,1978,400,-1,3,1
0,1979,1800,-1,3,1
0,1980,2670,-1,3,1
0,1981,930,-1,3,1
0,1982,2680,1,3,1
0,1983,1000,-1,3,1
0,1984,550,-1,3,1
0,1985,720,-1,3,1
0,1986,810,-1,3,1
0,1987,1360,-1,3,1
0,1988,3790,-1,3,1
0,1989,1690,-1,3,1
0,1990,2900,-1,3,1
0,1991,1220,1,3,1
0,1992,3690,-1,3,1
0,1993,4870,-1,3,1
0,1994,1060,-1,3,1
0,1995,650,-1,3,1
0,1996,460,-1,3,1
0,1997,2150,-1,3,1
0,1998,840,-1,3,1
0,1999,1770,-1,3,1
0,2000,2820,-1,3,2
0,2001,3020,-1,3,2
0,2002,920,-1,3,2
0,2003,660,1,3,2
0,2004,2830,-1,3,2
0,2005,1950,1,3,2
0,2006,3400,-1,3,2
0,2007,2040,-1,3,2
0,2008,790,1,3,2
0,2009,1590,1,3,2
0,2010,1200,1,3,2
0,2011,1020,-1,3,2
0,2012,6900,-1,3,2
0,2013,710,-1,3,2
0,2014,6970,-1,3,2
0,2015,2560,1,3,2
0,2016,1500,-1,3,2
0,2017,3130,-1,3,2
0,2018,2050,1,3,2
0,2019,1640,1,3,2
0,2020,1870,-1,3,2
0,2021,3320,-1,3,2
0,2022,6850,1,3,2
0,2023,2480,-1,3,2
0,2024,3630,1,3,2
0,2025,5610,1,3,2
0,2026,3600,1,3,2
0,2027,660,-1,3,2
0,2028,1340,-1,3,2
0,2029,3230,-1,3,2
0,2030,2160,-1,3,2
0,2031,610,-1,3,2
0,2032,4250,-1,3,2
0,2033,9640,-1,3,2
0,2034,630,-1,3,2
0,2035,1790,-1,3,2
0,2036,2030,-1,3,2
0,2037,2340,-1,3,2
0,2038,4840,-1,3,2
0,2039,1660,-1,3,2
0,2040,2030,1,3,2
0,2041,940,1,3,2
0,2042,990,1,3,2
0,2043,2950,-1,3,2
0,2044,3760,1,3,2
0,2045,2940,1,3,2
0,2046,1620,-1,3,2
0,2047,700,-1,3,2
0,2048,4540,-1,3,2
0,2049,2190,-1,3,2
0,2050,1460,1,3,2
0,2051,1160,-1,3,2
0,2052,5810,1,3,2
0,2053,3790,1,3,2
0,2054,1440,-1,3,2
0,2055,7440,1,3,2
0,2056,4910,-1,3,2
0,2057,2900,-1,3,2
0,2058,2350,1,3,2
0,2059,1260,-1,3,2
0,2060,1180,-1,3,2
0,2061,2690,-1,3,2
0,2062,660,-1,3,2
0,2063,1350,-1,3,2
0,2064,1720,1,3,2
0,2065,500,-1,3,2
0,2066,7940,-1,3,2
0,2067,1500,-1,3,2
0,2068,4940,1,3,2
0,2069,1430,1,3,2
0,2070,1580,1,3,2
0,2071,3730,1,3,2
0,2072,1090,1,3,2
0,2073,3070,-1,3,2
0,2074,900,1,3,2
0,2075,1390,-1,3,2
0,2076,2340,1,3,2
0,2077,3110,-1,3,2
0,2078,860,-1,3,2
0,2079,5820,-1,3,2
0,2080,5710,-1,3,2
0,2081,1530,-1,3,2
0,2082,1090,1,3,2
0,2083,1610,1,3,2
0,2084,350,1,3,2
0,2085,2020,1,3,2
0,2086,920,1,3,2
0,2087,1590,1,3,2
0,2088,4030,1,3,2
0,2089,3740,-1,3,2
0,2090,1300,1,3,2
0,2091,1060,-1,3,2
0,2092,1110,-1,3,2
0,2093,1250,1,3,2
0,2094,670,-1,3,2
0,2095,2650,1,3,2
0,2096,4800,-1,3,2
0,2097,670,-1,3,2
0,2098,3360,-1,3,2
0,2099,1300,1,3,2
